ğŸ‡­ğŸ‡°,Hong Kong
ğŸ‡¹ğŸ‡­,Bangkok
ğŸ‡¹ğŸ‡­,Phuket
ğŸ‡¹ğŸ‡­,Pattaya
ğŸ‡¹ğŸ‡­,Chiang Mai
ğŸ‡¹ğŸ‡­,Krabi
ğŸ‡¦ğŸ‡·,Buenos Aires
ğŸ‡¦ğŸ‡º,Sydney
ğŸ‡¦ğŸ‡º,Melbourne
ğŸ‡¦ğŸ‡¹,Vienna
ğŸ‡§ğŸ‡ª,Brussels
ğŸ‡§ğŸ‡·,Rio de Janeiro
ğŸ‡§ğŸ‡·,SÃ£o Paulo
ğŸ‡§ğŸ‡¬,Sofia
ğŸ‡¨ğŸ‡¦,Toronto
ğŸ‡¨ğŸ‡¦,Vancouver
ğŸ‡¨ğŸ‡¦,Montreal
ğŸ‡¨ğŸ‡³,Shenzhen
ğŸ‡¨ğŸ‡³,Guangzhou
ğŸ‡¨ğŸ‡³,Shanghai
ğŸ‡¨ğŸ‡³,Beijing
ğŸ‡¨ğŸ‡³,Zhuhai
ğŸ‡¨ğŸ‡³,Guilin
ğŸ‡¨ğŸ‡³,Chengdu
ğŸ‡¨ğŸ‡³,Xiamen
ğŸ‡¨ğŸ‡´,Bogota
ğŸ‡¨ğŸ‡¿,Prague
ğŸ‡©ğŸ‡°,Copenhagen
ğŸ‡©ğŸ‡´,Punta Cana
ğŸ‡ªğŸ‡¨,Quito
ğŸ‡ªğŸ‡¬,Cairo
ğŸ‡ªğŸ‡¬,Hurghada
ğŸ‡«ğŸ‡·,Paris
ğŸ‡«ğŸ‡·,Nice
ğŸ‡©ğŸ‡ª,Berlin
ğŸ‡©ğŸ‡ª,Munich
ğŸ‡©ğŸ‡ª,Frankfurt am Main
ğŸ‡©ğŸ‡ª,DÃ¼sseldorf
ğŸ‡©ğŸ‡ª,Hamburg
ğŸ‡¬ğŸ‡­,Accra
ğŸ‡¬ğŸ‡·,Heraklion
ğŸ‡¬ğŸ‡·,Rhodes
ğŸ‡­ğŸ‡º,Budapest
ğŸ‡®ğŸ‡³,Delhi
ğŸ‡®ğŸ‡³,Mumbai
ğŸ‡®ğŸ‡³,Agra
ğŸ‡®ğŸ‡³,Chennai
ğŸ‡®ğŸ‡³,Jaipur
ğŸ‡®ğŸ‡³,Kolkata
ğŸ‡®ğŸ‡³,Bangalore
ğŸ‡®ğŸ‡³,Pune
ğŸ‡®ğŸ‡©,Denpasar
ğŸ‡®ğŸ‡©,Jakarta
ğŸ‡®ğŸ‡©,Batam
ğŸ‡®ğŸ‡·,Tehran
ğŸ‡®ğŸ‡ª,Dublin
ğŸ‡®ğŸ‡±,Jerusalem
ğŸ‡®ğŸ‡±,Tel Aviv
ğŸ‡®ğŸ‡¹,Rome
ğŸ‡®ğŸ‡¹,Milan
ğŸ‡®ğŸ‡¹,Venice
ğŸ‡®ğŸ‡¹,Florence
ğŸ‡¯ğŸ‡µ,Tokyo
ğŸ‡¯ğŸ‡µ,Osaka
ğŸ‡¯ğŸ‡µ,Kyoto
ğŸ‡¯ğŸ‡µ,Chiba
ğŸ‡¯ğŸ‡µ,Fukuoka
ğŸ‡¯ğŸ‡´,Amman
ğŸ‡±ğŸ‡§,Beirut
ğŸ‡²ğŸ‡´,Macau
ğŸ‡²ğŸ‡¾,Kuala Lumpur
ğŸ‡²ğŸ‡¾,Johor Bahru
ğŸ‡²ğŸ‡¾,Penang Island
ğŸ‡²ğŸ‡½,CancÃºn
ğŸ‡²ğŸ‡½,Mexico City
ğŸ‡²ğŸ‡¦,Marrakesh
ğŸ‡²ğŸ‡¦,Casablanca
ğŸ‡³ğŸ‡±,Amsterdam
ğŸ‡³ğŸ‡¬,Lagos
ğŸ‡µğŸ‡ª,Lima
ğŸ‡µğŸ‡­,Cebu City
ğŸ‡µğŸ‡­,Manila
ğŸ‡µğŸ‡±,Warsaw
ğŸ‡µğŸ‡±,KrakÃ³w
ğŸ‡µğŸ‡¹,Lisbon
ğŸ‡µğŸ‡¹,Porto
ğŸ‡·ğŸ‡´,Bucharest
ğŸ‡·ğŸ‡º,Moscow
ğŸ‡·ğŸ‡º,Saint Petersburg
ğŸ‡¸ğŸ‡¦,Mecca
ğŸ‡¸ğŸ‡¦,Medina
ğŸ‡¸ğŸ‡¦,Riyadh
ğŸ‡¸ğŸ‡¦,Dammam
ğŸ‡¸ğŸ‡¬,Singapore
ğŸ‡¿ğŸ‡¦,Johannesburg
ğŸ‡¿ğŸ‡¦,Cape Town
ğŸ‡¿ğŸ‡¦,Durban
ğŸ‡°ğŸ‡·,Seoul
ğŸ‡°ğŸ‡·,Jeju
ğŸ‡ªğŸ‡¸,Barcelona
ğŸ‡ªğŸ‡¸,Madrid
ğŸ‡±ğŸ‡°,Colombo
ğŸ‡¸ğŸ‡ª,Stockholm
ğŸ‡¨ğŸ‡­,ZÃ¼rich
ğŸ‡¨ğŸ‡­,Geneva
ğŸ‡¹ğŸ‡¼,Taipei
ğŸ‡¹ğŸ‡·,Istanbul
ğŸ‡¹ğŸ‡·,Antalya
ğŸ‡¹ğŸ‡·,MuÄŸla
ğŸ‡¦ğŸ‡ª,Dubai
ğŸ‡¦ğŸ‡ª,Abu Dhabi
ğŸ‡¬ğŸ‡§,London
ğŸ‡¬ğŸ‡§,Edinburgh
ğŸ‡ºğŸ‡¸,New York
ğŸ‡ºğŸ‡¸,Miami
ğŸ‡ºğŸ‡¸,Las Vegas
ğŸ‡ºğŸ‡¸,Los Angeles
ğŸ‡ºğŸ‡¸,Orlando
ğŸ‡ºğŸ‡¸,San Francisco
ğŸ‡ºğŸ‡¸,Honolulu
ğŸ‡ºğŸ‡¸,Washington D.C.
ğŸ‡ºğŸ‡¸,Chicago
ğŸ‡ºğŸ‡¸,Boston
ğŸ‡ºğŸ‡¸,San Jose
ğŸ‡ºğŸ‡¸,Houston
ğŸ‡ºğŸ‡¸,Atlanta
ğŸ‡ºğŸ‡¸,Dallas
ğŸ‡ºğŸ‡¾,Montevideo
ğŸ‡»ğŸ‡³,Ho Chi Minh
ğŸ‡»ğŸ‡³,Ha Long
ğŸ‡»ğŸ‡³,Hanoi
ğŸ‡»ğŸ‡³,Da Nang